Ozzy Osbourne;
Bruce Springsteen;
Phil Collins;
Peter Gabriel;
Annie Lennox;
Sting;
John Lennon;Beatles
Paul McCartney;Beatles
George Harrison;Beatles
Ringo Starr;Beatles
Paul Simon;
Art Garfunkel;Simon & Garfunkel
Simon & Garfunkel;
Madonna;
Alanis Morissette;
Jimi Hendrix;
George Michael;
Justin Drew Bieber;
Green Day;
Karel Gott;
Helena Vondráčková;
Lucie Bílá;
Vojtěch Dyk;
Chinaski;
Petr Malátný;Chinaski
Brian Johnson;AC/DC
Steven Tyler;
The Rolling Stones;
Mick Jagger;The Rolling Stones
Keith Richards;The Rolling Stones
Robbie Williams;
Tina Turner;
